checkpoint_label,checkpoint,sample,split,precision,recall,dice
previous_unified,dist\needle-select-inference-unified-20260606\models\needle_unet_unified.pt,YOU_26_y0000_x1024,train,0.938936,0.752686,0.835558
previous_unified,dist\needle-select-inference-unified-20260606\models\needle_unet_unified.pt,YOU_26_y0256_x0000,train,0.786235,0.881125,0.830980
previous_unified,dist\needle-select-inference-unified-20260606\models\needle_unet_unified.pt,YOU_26_y0256_x1536,train,0.875134,0.773285,0.821063
previous_unified,dist\needle-select-inference-unified-20260606\models\needle_unet_unified.pt,YOU_26_y0768_x0512,test,0.735709,0.881074,0.801857
previous_unified,dist\needle-select-inference-unified-20260606\models\needle_unet_unified.pt,YOU_26_y1024_x0256,train,0.769546,0.777341,0.773424
previous_unified,dist\needle-select-inference-unified-20260606\models\needle_unet_unified.pt,YOU_26_y1024_x1024,train,0.938806,0.621629,0.747983
previous_unified,dist\needle-select-inference-unified-20260606\models\needle_unet_unified.pt,YOU_26_y1024_x1280,val,0.748171,0.748171,0.748171
previous_unified,dist\needle-select-inference-unified-20260606\models\needle_unet_unified.pt,YOU_26_y1024_x1792,train,0.883337,0.778163,0.827421
previous_unified,dist\needle-select-inference-unified-20260606\models\needle_unet_unified.pt,YOU_26_y1280_x0512,test,0.894120,0.771579,0.828342
previous_unified,dist\needle-select-inference-unified-20260606\models\needle_unet_unified.pt,YOU_26_y1792_x1792,val,0.890931,0.773415,0.828024
previous_unified,dist\needle-select-inference-unified-20260606\models\needle_unet_unified.pt,YOU_27_y0512_x1024,train,0.935962,0.707325,0.805738
previous_unified,dist\needle-select-inference-unified-20260606\models\needle_unet_unified.pt,YOU_27_y0512_x1280,train,0.840307,0.756632,0.796278
previous_unified,dist\needle-select-inference-unified-20260606\models\needle_unet_unified.pt,YOU_27_y0512_x1792,train,0.682160,0.867680,0.763817
previous_unified,dist\needle-select-inference-unified-20260606\models\needle_unet_unified.pt,YOU_27_y0768_x0512,train,0.691120,0.698309,0.694696
previous_unified,dist\needle-select-inference-unified-20260606\models\needle_unet_unified.pt,YOU_27_y1024_x0512,val,0.902162,0.648659,0.754691
previous_unified,dist\needle-select-inference-unified-20260606\models\needle_unet_unified.pt,YOU_27_y1024_x1792,train,0.657994,0.774061,0.711324
previous_unified,dist\needle-select-inference-unified-20260606\models\needle_unet_unified.pt,YOU_27_y1536_x1792,train,0.777049,0.784403,0.780708
previous_unified,dist\needle-select-inference-unified-20260606\models\needle_unet_unified.pt,YOU_27_y1792_x2048,train,0.652365,0.820117,0.726686
previous_unified,dist\needle-select-inference-unified-20260606\models\needle_unet_unified.pt,YOU_28_y0000_x1280,train,0.845821,0.631120,0.722865
previous_unified,dist\needle-select-inference-unified-20260606\models\needle_unet_unified.pt,YOU_29_y0512_x1024,test,0.961445,0.957172,0.959304
previous_unified,dist\needle-select-inference-unified-20260606\models\needle_unet_unified.pt,YOU_29_y0768_x0512,train,0.896995,0.939871,0.917933
previous_unified,dist\needle-select-inference-unified-20260606\models\needle_unet_unified.pt,YOU_29_y0768_x0768,val,0.924132,0.943097,0.933518
previous_unified,dist\needle-select-inference-unified-20260606\models\needle_unet_unified.pt,YOU_29_y1536_x0000,train,0.906003,0.911517,0.908751
previous_unified,dist\needle-select-inference-unified-20260606\models\needle_unet_unified.pt,YOU_31_y0512_x0768,train,0.856267,0.824129,0.839891
previous_unified,dist\needle-select-inference-unified-20260606\models\needle_unet_unified.pt,YOU_33_y2048_x1024,train,0.668682,0.264636,0.379200
round2_best,runs\unet_finetune_smoke_256_round2\best.pt,YOU_26_y0000_x1024,train,0.959374,0.962647,0.961008
round2_best,runs\unet_finetune_smoke_256_round2\best.pt,YOU_26_y0256_x0000,train,0.924056,0.938521,0.931232
round2_best,runs\unet_finetune_smoke_256_round2\best.pt,YOU_26_y0256_x1536,train,0.948259,0.941810,0.945024
round2_best,runs\unet_finetune_smoke_256_round2\best.pt,YOU_26_y0768_x0512,test,0.652859,0.990067,0.786857
round2_best,runs\unet_finetune_smoke_256_round2\best.pt,YOU_26_y1024_x0256,train,0.948044,0.961960,0.954951
round2_best,runs\unet_finetune_smoke_256_round2\best.pt,YOU_26_y1024_x1024,train,0.971995,0.940844,0.956166
round2_best,runs\unet_finetune_smoke_256_round2\best.pt,YOU_26_y1024_x1280,val,0.852052,0.916982,0.883325
round2_best,runs\unet_finetune_smoke_256_round2\best.pt,YOU_26_y1024_x1792,train,0.941024,0.945754,0.943383
round2_best,runs\unet_finetune_smoke_256_round2\best.pt,YOU_26_y1280_x0512,test,0.874134,0.943400,0.907447
round2_best,runs\unet_finetune_smoke_256_round2\best.pt,YOU_26_y1792_x1792,val,0.846083,0.940900,0.890976
round2_best,runs\unet_finetune_smoke_256_round2\best.pt,YOU_27_y0512_x1024,train,0.931167,0.957531,0.944165
round2_best,runs\unet_finetune_smoke_256_round2\best.pt,YOU_27_y0512_x1280,train,0.942798,0.966359,0.954433
round2_best,runs\unet_finetune_smoke_256_round2\best.pt,YOU_27_y0512_x1792,train,0.960559,0.966779,0.963659
round2_best,runs\unet_finetune_smoke_256_round2\best.pt,YOU_27_y0768_x0512,train,0.949663,0.962939,0.956255
round2_best,runs\unet_finetune_smoke_256_round2\best.pt,YOU_27_y1024_x0512,val,0.969838,0.812281,0.884095
round2_best,runs\unet_finetune_smoke_256_round2\best.pt,YOU_27_y1024_x1792,train,0.861573,0.964342,0.910066
round2_best,runs\unet_finetune_smoke_256_round2\best.pt,YOU_27_y1536_x1792,train,0.919755,0.939428,0.929488
round2_best,runs\unet_finetune_smoke_256_round2\best.pt,YOU_27_y1792_x2048,train,0.908062,0.958892,0.932785
round2_best,runs\unet_finetune_smoke_256_round2\best.pt,YOU_28_y0000_x1280,train,0.941407,0.893036,0.916584
round2_best,runs\unet_finetune_smoke_256_round2\best.pt,YOU_29_y0512_x1024,test,0.788215,0.945859,0.859871
round2_best,runs\unet_finetune_smoke_256_round2\best.pt,YOU_29_y0768_x0512,train,0.885462,0.931146,0.907729
round2_best,runs\unet_finetune_smoke_256_round2\best.pt,YOU_29_y0768_x0768,val,0.820180,0.913713,0.864424
round2_best,runs\unet_finetune_smoke_256_round2\best.pt,YOU_29_y1536_x0000,train,0.907817,0.894429,0.901073
round2_best,runs\unet_finetune_smoke_256_round2\best.pt,YOU_31_y0512_x0768,train,0.944224,0.957641,0.950885
round2_best,runs\unet_finetune_smoke_256_round2\best.pt,YOU_33_y2048_x1024,train,0.869117,0.901420,0.884974
round2_epoch_005,runs\unet_finetune_smoke_256_round2\epoch_005.pt,YOU_26_y0000_x1024,train,0.954133,0.915402,0.934366
round2_epoch_005,runs\unet_finetune_smoke_256_round2\epoch_005.pt,YOU_26_y0256_x0000,train,0.832058,0.912659,0.870497
round2_epoch_005,runs\unet_finetune_smoke_256_round2\epoch_005.pt,YOU_26_y0256_x1536,train,0.942563,0.883620,0.912140
round2_epoch_005,runs\unet_finetune_smoke_256_round2\epoch_005.pt,YOU_26_y0768_x0512,test,0.689829,0.994094,0.814473
round2_epoch_005,runs\unet_finetune_smoke_256_round2\epoch_005.pt,YOU_26_y1024_x0256,train,0.926089,0.914410,0.920212
round2_epoch_005,runs\unet_finetune_smoke_256_round2\epoch_005.pt,YOU_26_y1024_x1024,train,0.991527,0.776507,0.870942
round2_epoch_005,runs\unet_finetune_smoke_256_round2\epoch_005.pt,YOU_26_y1024_x1280,val,0.895274,0.908150,0.901666
round2_epoch_005,runs\unet_finetune_smoke_256_round2\epoch_005.pt,YOU_26_y1024_x1792,train,0.951754,0.888908,0.919258
round2_epoch_005,runs\unet_finetune_smoke_256_round2\epoch_005.pt,YOU_26_y1280_x0512,test,0.926912,0.935719,0.931295
round2_epoch_005,runs\unet_finetune_smoke_256_round2\epoch_005.pt,YOU_26_y1792_x1792,val,0.876600,0.938446,0.906469
round2_epoch_005,runs\unet_finetune_smoke_256_round2\epoch_005.pt,YOU_27_y0512_x1024,train,0.963148,0.856132,0.906492
round2_epoch_005,runs\unet_finetune_smoke_256_round2\epoch_005.pt,YOU_27_y0512_x1280,train,0.865656,0.943868,0.903072
round2_epoch_005,runs\unet_finetune_smoke_256_round2\epoch_005.pt,YOU_27_y0512_x1792,train,0.902380,0.949887,0.925525
round2_epoch_005,runs\unet_finetune_smoke_256_round2\epoch_005.pt,YOU_27_y0768_x0512,train,0.854765,0.968140,0.907927
round2_epoch_005,runs\unet_finetune_smoke_256_round2\epoch_005.pt,YOU_27_y1024_x0512,val,0.970735,0.831520,0.895750
round2_epoch_005,runs\unet_finetune_smoke_256_round2\epoch_005.pt,YOU_27_y1024_x1792,train,0.731074,0.959924,0.830014
round2_epoch_005,runs\unet_finetune_smoke_256_round2\epoch_005.pt,YOU_27_y1536_x1792,train,0.881633,0.899489,0.890471
round2_epoch_005,runs\unet_finetune_smoke_256_round2\epoch_005.pt,YOU_27_y1792_x2048,train,0.735149,0.952478,0.829820
round2_epoch_005,runs\unet_finetune_smoke_256_round2\epoch_005.pt,YOU_28_y0000_x1280,train,0.911471,0.810147,0.857827
round2_epoch_005,runs\unet_finetune_smoke_256_round2\epoch_005.pt,YOU_29_y0512_x1024,test,0.831224,0.955152,0.888889
round2_epoch_005,runs\unet_finetune_smoke_256_round2\epoch_005.pt,YOU_29_y0768_x0512,train,0.894747,0.907815,0.901233
round2_epoch_005,runs\unet_finetune_smoke_256_round2\epoch_005.pt,YOU_29_y0768_x0768,val,0.836463,0.924440,0.878254
round2_epoch_005,runs\unet_finetune_smoke_256_round2\epoch_005.pt,YOU_29_y1536_x0000,train,0.845588,0.888343,0.866438
round2_epoch_005,runs\unet_finetune_smoke_256_round2\epoch_005.pt,YOU_31_y0512_x0768,train,0.913078,0.926542,0.919760
round2_epoch_005,runs\unet_finetune_smoke_256_round2\epoch_005.pt,YOU_33_y2048_x1024,train,0.808060,0.809220,0.808640
round2_epoch_010,runs\unet_finetune_smoke_256_round2\epoch_010.pt,YOU_26_y0000_x1024,train,0.962368,0.920348,0.940889
round2_epoch_010,runs\unet_finetune_smoke_256_round2\epoch_010.pt,YOU_26_y0256_x0000,train,0.883009,0.916062,0.899232
round2_epoch_010,runs\unet_finetune_smoke_256_round2\epoch_010.pt,YOU_26_y0256_x1536,train,0.947126,0.893444,0.919502
round2_epoch_010,runs\unet_finetune_smoke_256_round2\epoch_010.pt,YOU_26_y0768_x0512,test,0.661759,0.989530,0.793115
round2_epoch_010,runs\unet_finetune_smoke_256_round2\epoch_010.pt,YOU_26_y1024_x0256,train,0.947492,0.913996,0.930443
round2_epoch_010,runs\unet_finetune_smoke_256_round2\epoch_010.pt,YOU_26_y1024_x1024,train,0.992482,0.838769,0.909174
round2_epoch_010,runs\unet_finetune_smoke_256_round2\epoch_010.pt,YOU_26_y1024_x1280,val,0.882060,0.894524,0.888249
round2_epoch_010,runs\unet_finetune_smoke_256_round2\epoch_010.pt,YOU_26_y1024_x1792,train,0.946419,0.918371,0.932184
round2_epoch_010,runs\unet_finetune_smoke_256_round2\epoch_010.pt,YOU_26_y1280_x0512,test,0.890652,0.941783,0.915504
round2_epoch_010,runs\unet_finetune_smoke_256_round2\epoch_010.pt,YOU_26_y1792_x1792,val,0.863722,0.935787,0.898312
round2_epoch_010,runs\unet_finetune_smoke_256_round2\epoch_010.pt,YOU_27_y0512_x1024,train,0.958166,0.901070,0.928741
round2_epoch_010,runs\unet_finetune_smoke_256_round2\epoch_010.pt,YOU_27_y0512_x1280,train,0.904666,0.946751,0.925230
round2_epoch_010,runs\unet_finetune_smoke_256_round2\epoch_010.pt,YOU_27_y0512_x1792,train,0.943418,0.934122,0.938747
round2_epoch_010,runs\unet_finetune_smoke_256_round2\epoch_010.pt,YOU_27_y0768_x0512,train,0.919508,0.947009,0.933056
round2_epoch_010,runs\unet_finetune_smoke_256_round2\epoch_010.pt,YOU_27_y1024_x0512,val,0.976572,0.793820,0.875764
round2_epoch_010,runs\unet_finetune_smoke_256_round2\epoch_010.pt,YOU_27_y1024_x1792,train,0.777434,0.950142,0.855155
round2_epoch_010,runs\unet_finetune_smoke_256_round2\epoch_010.pt,YOU_27_y1536_x1792,train,0.902608,0.910468,0.906521
round2_epoch_010,runs\unet_finetune_smoke_256_round2\epoch_010.pt,YOU_27_y1792_x2048,train,0.822568,0.954227,0.883520
round2_epoch_010,runs\unet_finetune_smoke_256_round2\epoch_010.pt,YOU_28_y0000_x1280,train,0.931952,0.820973,0.872949
round2_epoch_010,runs\unet_finetune_smoke_256_round2\epoch_010.pt,YOU_29_y0512_x1024,test,0.833750,0.942222,0.884674
round2_epoch_010,runs\unet_finetune_smoke_256_round2\epoch_010.pt,YOU_29_y0768_x0512,train,0.889275,0.921662,0.905179
round2_epoch_010,runs\unet_finetune_smoke_256_round2\epoch_010.pt,YOU_29_y0768_x0768,val,0.838594,0.923274,0.878899
round2_epoch_010,runs\unet_finetune_smoke_256_round2\epoch_010.pt,YOU_29_y1536_x0000,train,0.859813,0.904494,0.881588
round2_epoch_010,runs\unet_finetune_smoke_256_round2\epoch_010.pt,YOU_31_y0512_x0768,train,0.943956,0.921180,0.932429
round2_epoch_010,runs\unet_finetune_smoke_256_round2\epoch_010.pt,YOU_33_y2048_x1024,train,0.824494,0.850534,0.837312
round2_epoch_015,runs\unet_finetune_smoke_256_round2\epoch_015.pt,YOU_26_y0000_x1024,train,0.966395,0.931946,0.948858
round2_epoch_015,runs\unet_finetune_smoke_256_round2\epoch_015.pt,YOU_26_y0256_x0000,train,0.916252,0.918330,0.917290
round2_epoch_015,runs\unet_finetune_smoke_256_round2\epoch_015.pt,YOU_26_y0256_x1536,train,0.947799,0.919327,0.933346
round2_epoch_015,runs\unet_finetune_smoke_256_round2\epoch_015.pt,YOU_26_y0768_x0512,test,0.658289,0.991409,0.791216
round2_epoch_015,runs\unet_finetune_smoke_256_round2\epoch_015.pt,YOU_26_y1024_x0256,train,0.954016,0.930742,0.942235
round2_epoch_015,runs\unet_finetune_smoke_256_round2\epoch_015.pt,YOU_26_y1024_x1024,train,0.984097,0.891148,0.935319
round2_epoch_015,runs\unet_finetune_smoke_256_round2\epoch_015.pt,YOU_26_y1024_x1280,val,0.874817,0.906384,0.890321
round2_epoch_015,runs\unet_finetune_smoke_256_round2\epoch_015.pt,YOU_26_y1024_x1792,train,0.941434,0.930503,0.935937
round2_epoch_015,runs\unet_finetune_smoke_256_round2\epoch_015.pt,YOU_26_y1280_x0512,test,0.883986,0.939559,0.910926
round2_epoch_015,runs\unet_finetune_smoke_256_round2\epoch_015.pt,YOU_26_y1792_x1792,val,0.850251,0.937014,0.891526
round2_epoch_015,runs\unet_finetune_smoke_256_round2\epoch_015.pt,YOU_27_y0512_x1024,train,0.945838,0.931358,0.938542
round2_epoch_015,runs\unet_finetune_smoke_256_round2\epoch_015.pt,YOU_27_y0512_x1280,train,0.926779,0.951365,0.938911
round2_epoch_015,runs\unet_finetune_smoke_256_round2\epoch_015.pt,YOU_27_y0512_x1792,train,0.952841,0.944257,0.948529
round2_epoch_015,runs\unet_finetune_smoke_256_round2\epoch_015.pt,YOU_27_y0768_x0512,train,0.929493,0.960013,0.944507
round2_epoch_015,runs\unet_finetune_smoke_256_round2\epoch_015.pt,YOU_27_y1024_x0512,val,0.975350,0.799650,0.878804
round2_epoch_015,runs\unet_finetune_smoke_256_round2\epoch_015.pt,YOU_27_y1024_x1792,train,0.803439,0.958346,0.874083
round2_epoch_015,runs\unet_finetune_smoke_256_round2\epoch_015.pt,YOU_27_y1536_x1792,train,0.902637,0.926557,0.914441
round2_epoch_015,runs\unet_finetune_smoke_256_round2\epoch_015.pt,YOU_27_y1792_x2048,train,0.857846,0.965889,0.908667
round2_epoch_015,runs\unet_finetune_smoke_256_round2\epoch_015.pt,YOU_28_y0000_x1280,train,0.931065,0.848926,0.888100
round2_epoch_015,runs\unet_finetune_smoke_256_round2\epoch_015.pt,YOU_29_y0512_x1024,test,0.816626,0.944646,0.875984
round2_epoch_015,runs\unet_finetune_smoke_256_round2\epoch_015.pt,YOU_29_y0768_x0512,train,0.883465,0.930387,0.906319
round2_epoch_015,runs\unet_finetune_smoke_256_round2\epoch_015.pt,YOU_29_y0768_x0768,val,0.831125,0.921642,0.874046
round2_epoch_015,runs\unet_finetune_smoke_256_round2\epoch_015.pt,YOU_29_y1536_x0000,train,0.870895,0.906367,0.888277
round2_epoch_015,runs\unet_finetune_smoke_256_round2\epoch_015.pt,YOU_31_y0512_x0768,train,0.944790,0.935925,0.940337
round2_epoch_015,runs\unet_finetune_smoke_256_round2\epoch_015.pt,YOU_33_y2048_x1024,train,0.847379,0.874143,0.860553
round2_epoch_020,runs\unet_finetune_smoke_256_round2\epoch_020.pt,YOU_26_y0000_x1024,train,0.953980,0.954631,0.954305
round2_epoch_020,runs\unet_finetune_smoke_256_round2\epoch_020.pt,YOU_26_y0256_x0000,train,0.917359,0.926724,0.922018
round2_epoch_020,runs\unet_finetune_smoke_256_round2\epoch_020.pt,YOU_26_y0256_x1536,train,0.944625,0.934631,0.939601
round2_epoch_020,runs\unet_finetune_smoke_256_round2\epoch_020.pt,YOU_26_y0768_x0512,test,0.643355,0.990336,0.779998
round2_epoch_020,runs\unet_finetune_smoke_256_round2\epoch_020.pt,YOU_26_y1024_x0256,train,0.952143,0.946041,0.949082
round2_epoch_020,runs\unet_finetune_smoke_256_round2\epoch_020.pt,YOU_26_y1024_x1024,train,0.975138,0.924749,0.949275
round2_epoch_020,runs\unet_finetune_smoke_256_round2\epoch_020.pt,YOU_26_y1024_x1280,val,0.854417,0.915216,0.883772
round2_epoch_020,runs\unet_finetune_smoke_256_round2\epoch_020.pt,YOU_26_y1024_x1792,train,0.935206,0.940555,0.937873
round2_epoch_020,runs\unet_finetune_smoke_256_round2\epoch_020.pt,YOU_26_y1280_x0512,test,0.869436,0.943602,0.905002
round2_epoch_020,runs\unet_finetune_smoke_256_round2\epoch_020.pt,YOU_26_y1792_x1792,val,0.841055,0.939264,0.887450
round2_epoch_020,runs\unet_finetune_smoke_256_round2\epoch_020.pt,YOU_27_y0512_x1024,train,0.939226,0.946337,0.942768
round2_epoch_020,runs\unet_finetune_smoke_256_round2\epoch_020.pt,YOU_27_y0512_x1280,train,0.937218,0.958478,0.947729
round2_epoch_020,runs\unet_finetune_smoke_256_round2\epoch_020.pt,YOU_27_y0512_x1792,train,0.953833,0.959741,0.956778
round2_epoch_020,runs\unet_finetune_smoke_256_round2\epoch_020.pt,YOU_27_y0768_x0512,train,0.941667,0.955137,0.948354
round2_epoch_020,runs\unet_finetune_smoke_256_round2\epoch_020.pt,YOU_27_y1024_x0512,val,0.966897,0.817334,0.885847
round2_epoch_020,runs\unet_finetune_smoke_256_round2\epoch_020.pt,YOU_27_y1024_x1792,train,0.829162,0.961818,0.890577
round2_epoch_020,runs\unet_finetune_smoke_256_round2\epoch_020.pt,YOU_27_y1536_x1792,train,0.910083,0.931100,0.920472
round2_epoch_020,runs\unet_finetune_smoke_256_round2\epoch_020.pt,YOU_27_y1792_x2048,train,0.893373,0.955102,0.923207
round2_epoch_020,runs\unet_finetune_smoke_256_round2\epoch_020.pt,YOU_28_y0000_x1280,train,0.937391,0.870900,0.902923
round2_epoch_020,runs\unet_finetune_smoke_256_round2\epoch_020.pt,YOU_29_y0512_x1024,test,0.803922,0.944242,0.868450
round2_epoch_020,runs\unet_finetune_smoke_256_round2\epoch_020.pt,YOU_29_y0768_x0512,train,0.879871,0.933612,0.905945
round2_epoch_020,runs\unet_finetune_smoke_256_round2\epoch_020.pt,YOU_29_y0768_x0768,val,0.822171,0.921875,0.869173
round2_epoch_020,runs\unet_finetune_smoke_256_round2\epoch_020.pt,YOU_29_y1536_x0000,train,0.888604,0.892556,0.890576
round2_epoch_020,runs\unet_finetune_smoke_256_round2\epoch_020.pt,YOU_31_y0512_x0768,train,0.939603,0.950938,0.945237
round2_epoch_020,runs\unet_finetune_smoke_256_round2\epoch_020.pt,YOU_33_y2048_x1024,train,0.861881,0.882916,0.872272
round2_epoch_025,runs\unet_finetune_smoke_256_round2\epoch_025.pt,YOU_26_y0000_x1024,train,0.959536,0.958554,0.959044
round2_epoch_025,runs\unet_finetune_smoke_256_round2\epoch_025.pt,YOU_26_y0256_x0000,train,0.933425,0.925590,0.929491
round2_epoch_025,runs\unet_finetune_smoke_256_round2\epoch_025.pt,YOU_26_y0256_x1536,train,0.958949,0.931230,0.944886
round2_epoch_025,runs\unet_finetune_smoke_256_round2\epoch_025.pt,YOU_26_y0768_x0512,test,0.662950,0.989530,0.793969
round2_epoch_025,runs\unet_finetune_smoke_256_round2\epoch_025.pt,YOU_26_y1024_x0256,train,0.960826,0.943147,0.951904
round2_epoch_025,runs\unet_finetune_smoke_256_round2\epoch_025.pt,YOU_26_y1024_x1024,train,0.980128,0.926161,0.952381
round2_epoch_025,runs\unet_finetune_smoke_256_round2\epoch_025.pt,YOU_26_y1024_x1280,val,0.869218,0.905627,0.887049
round2_epoch_025,runs\unet_finetune_smoke_256_round2\epoch_025.pt,YOU_26_y1024_x1792,train,0.946244,0.936568,0.941381
round2_epoch_025,runs\unet_finetune_smoke_256_round2\epoch_025.pt,YOU_26_y1280_x0512,test,0.889146,0.930665,0.909432
round2_epoch_025,runs\unet_finetune_smoke_256_round2\epoch_025.pt,YOU_26_y1792_x1792,val,0.849446,0.941513,0.893113
round2_epoch_025,runs\unet_finetune_smoke_256_round2\epoch_025.pt,YOU_27_y0512_x1024,train,0.939147,0.950123,0.944604
round2_epoch_025,runs\unet_finetune_smoke_256_round2\epoch_025.pt,YOU_27_y0512_x1280,train,0.946351,0.959631,0.952945
round2_epoch_025,runs\unet_finetune_smoke_256_round2\epoch_025.pt,YOU_27_y0512_x1792,train,0.977518,0.942568,0.959725
round2_epoch_025,runs\unet_finetune_smoke_256_round2\epoch_025.pt,YOU_27_y0768_x0512,train,0.955868,0.950585,0.953219
round2_epoch_025,runs\unet_finetune_smoke_256_round2\epoch_025.pt,YOU_27_y1024_x0512,val,0.973852,0.803342,0.880417
round2_epoch_025,runs\unet_finetune_smoke_256_round2\epoch_025.pt,YOU_27_y1024_x1792,train,0.867865,0.959609,0.911434
round2_epoch_025,runs\unet_finetune_smoke_256_round2\epoch_025.pt,YOU_27_y1536_x1792,train,0.918140,0.934128,0.926065
round2_epoch_025,runs\unet_finetune_smoke_256_round2\epoch_025.pt,YOU_27_y1792_x2048,train,0.905075,0.961808,0.932580
round2_epoch_025,runs\unet_finetune_smoke_256_round2\epoch_025.pt,YOU_28_y0000_x1280,train,0.938583,0.883988,0.910468
round2_epoch_025,runs\unet_finetune_smoke_256_round2\epoch_025.pt,YOU_29_y0512_x1024,test,0.801712,0.945859,0.867841
round2_epoch_025,runs\unet_finetune_smoke_256_round2\epoch_025.pt,YOU_29_y0768_x0512,train,0.888405,0.928680,0.908096
round2_epoch_025,runs\unet_finetune_smoke_256_round2\epoch_025.pt,YOU_29_y0768_x0768,val,0.821017,0.914646,0.865306
round2_epoch_025,runs\unet_finetune_smoke_256_round2\epoch_025.pt,YOU_29_y1536_x0000,train,0.884167,0.905899,0.894901
round2_epoch_025,runs\unet_finetune_smoke_256_round2\epoch_025.pt,YOU_31_y0512_x0768,train,0.959530,0.940751,0.950047
round2_epoch_025,runs\unet_finetune_smoke_256_round2\epoch_025.pt,YOU_33_y2048_x1024,train,0.860989,0.903015,0.881501
round2_epoch_030,runs\unet_finetune_smoke_256_round2\epoch_030.pt,YOU_26_y0000_x1024,train,0.963001,0.963329,0.963165
round2_epoch_030,runs\unet_finetune_smoke_256_round2\epoch_030.pt,YOU_26_y0256_x0000,train,0.936068,0.926724,0.931373
round2_epoch_030,runs\unet_finetune_smoke_256_round2\epoch_030.pt,YOU_26_y0256_x1536,train,0.958639,0.937087,0.947741
round2_epoch_030,runs\unet_finetune_smoke_256_round2\epoch_030.pt,YOU_26_y0768_x0512,test,0.668601,0.989530,0.798008
round2_epoch_030,runs\unet_finetune_smoke_256_round2\epoch_030.pt,YOU_26_y1024_x0256,train,0.964753,0.945007,0.954778
round2_epoch_030,runs\unet_finetune_smoke_256_round2\epoch_030.pt,YOU_26_y1024_x1024,train,0.977712,0.935197,0.955982
round2_epoch_030,runs\unet_finetune_smoke_256_round2\epoch_030.pt,YOU_26_y1024_x1280,val,0.868364,0.912188,0.889737
round2_epoch_030,runs\unet_finetune_smoke_256_round2\epoch_030.pt,YOU_26_y1024_x1792,train,0.944531,0.944367,0.944449
round2_epoch_030,runs\unet_finetune_smoke_256_round2\epoch_030.pt,YOU_26_y1280_x0512,test,0.885709,0.932080,0.908303
round2_epoch_030,runs\unet_finetune_smoke_256_round2\epoch_030.pt,YOU_26_y1792_x1792,val,0.850203,0.941309,0.893439
round2_epoch_030,runs\unet_finetune_smoke_256_round2\epoch_030.pt,YOU_27_y0512_x1024,train,0.932788,0.957202,0.944837
round2_epoch_030,runs\unet_finetune_smoke_256_round2\epoch_030.pt,YOU_27_y0512_x1280,train,0.948534,0.963668,0.956041
round2_epoch_030,runs\unet_finetune_smoke_256_round2\epoch_030.pt,YOU_27_y0512_x1792,train,0.979058,0.947635,0.963090
round2_epoch_030,runs\unet_finetune_smoke_256_round2\epoch_030.pt,YOU_27_y0768_x0512,train,0.956112,0.956112,0.956112
round2_epoch_030,runs\unet_finetune_smoke_256_round2\epoch_030.pt,YOU_27_y1024_x0512,val,0.973585,0.802176,0.879608
round2_epoch_030,runs\unet_finetune_smoke_256_round2\epoch_030.pt,YOU_27_y1024_x1792,train,0.887073,0.959293,0.921771
round2_epoch_030,runs\unet_finetune_smoke_256_round2\epoch_030.pt,YOU_27_y1536_x1792,train,0.923005,0.939428,0.931144
round2_epoch_030,runs\unet_finetune_smoke_256_round2\epoch_030.pt,YOU_27_y1792_x2048,train,0.920550,0.955977,0.937929
round2_epoch_030,runs\unet_finetune_smoke_256_round2\epoch_030.pt,YOU_28_y0000_x1280,train,0.939613,0.902569,0.920719
round2_epoch_030,runs\unet_finetune_smoke_256_round2\epoch_030.pt,YOU_29_y0512_x1024,test,0.791343,0.945455,0.861561
round2_epoch_030,runs\unet_finetune_smoke_256_round2\epoch_030.pt,YOU_29_y0768_x0512,train,0.888166,0.932473,0.909781
round2_epoch_030,runs\unet_finetune_smoke_256_round2\epoch_030.pt,YOU_29_y0768_x0768,val,0.823218,0.907882,0.863480
round2_epoch_030,runs\unet_finetune_smoke_256_round2\epoch_030.pt,YOU_29_y1536_x0000,train,0.889042,0.904026,0.896472
round2_epoch_030,runs\unet_finetune_smoke_256_round2\epoch_030.pt,YOU_31_y0512_x0768,train,0.954203,0.949598,0.951895
round2_epoch_030,runs\unet_finetune_smoke_256_round2\epoch_030.pt,YOU_33_y2048_x1024,train,0.863294,0.914659,0.888235
